method,K,spread_ours,spread_sd,spread_paper,seconds_ours,seconds_paper,select_seconds,fit_seconds_total,fit_seconds_amortised,own_internal_estimate,n_runs,n_seeds,status
CTIM,1,2.747,0.000,900,0.1757,200.0,0.0082,0.6701,0.1675,1.437,3,1,ok
CTIM,11,25.016,0.001,3000,0.1761,,0.0086,0.6701,0.1675,15.257,3,11,ok
CTIM,21,46.310,0.122,4350,0.1764,,0.0089,0.6701,0.1675,28.202,3,21,ok
CTIM,51,104.114,0.004,5050,0.1773,700.0,0.0098,0.6701,0.1675,65.417,3,51,ok
CTIM_CGA,1,2.347,0.207,900,0.1883,3000.0,0.0208,0.6701,0.1675,2.347,3,1,ok
CTIM_CGA,11,25.271,0.066,3000,0.1886,,0.0211,0.6701,0.1675,25.271,3,11,ok
CTIM_CGA,21,45.859,0.745,4300,0.1906,,0.0231,0.6701,0.1675,45.859,3,21,ok
CTIM_CGA,51,103.940,0.764,5000,0.1947,30000.0,0.0272,0.6701,0.1675,103.940,3,51,ok
AIR+CGA,1,2.383,0.185,700,0.1259,20000.0,0.0291,0.3871,0.0968,-,3,1,ok
AIR+CGA,11,26.857,0.973,2700,0.1352,,0.0384,0.3871,0.0968,-,3,11,ok
AIR+CGA,21,49.722,0.454,3900,0.1425,,0.0457,0.3871,0.0968,-,3,21,ok
AIR+CGA,51,109.933,0.777,4700,0.1601,200000.0,0.0633,0.3871,0.0968,-,3,51,ok
CINEMA,1,2.419,0.000,500,0.0604,10000.0,0.0585,0.0077,0.0019,16.200,1,1,ok
CINEMA,11,26.615,0.001,2400,0.1974,,0.1955,0.0077,0.0019,89.650,1,11,ok
CINEMA,21,48.485,0.002,3400,0.2296,,0.2277,0.0077,0.0019,133.900,1,21,ok
CINEMA,51,105.823,0.004,4600,0.2715,140000.0,0.2695,0.0077,0.0019,189.550,1,51,ok
Greedy,1,2.747,0.000,300,0.1266,3000.0,0.1224,0.0166,0.0042,18.550,1,1,ok
Greedy,11,26.808,0.001,2000,0.4392,,0.4351,0.0166,0.0042,100.250,1,11,ok
Greedy,21,47.134,0.002,2900,0.7343,,0.7301,0.0166,0.0042,140.250,1,21,ok
Greedy,51,102.906,0.004,3950,1.1749,25000.0,1.1707,0.0166,0.0042,201.250,1,51,ok
